relative_path,bytes,sha256,format,rows,first_open_time_us,last_open_time_us
gold/binance/futures/um/indexPriceKlines/BTCUSDT/15m/2024/01/BTCUSDT-15m-2024-01.csv.gz,85038,6bf14f6743a6b8dda2f93bc440e227561677aba52a3d3954ff2d6d0bc60f3a28,csv.gz,2976,1704067200000000,1706744700000000
gold/binance/futures/um/indexPriceKlines/BTCUSDT/1h/2024/01/BTCUSDT-1h-2024-01.csv.gz,23891,c20a302631929aff5d59317760ca6189f09bd6da6fbf0625876450abe29bc9ac,csv.gz,744,1704067200000000,1706742000000000
gold/binance/futures/um/indexPriceKlines/BTCUSDT/4h/2024/01/BTCUSDT-4h-2024-01.csv.gz,6685,7429928ca5894c75b6c3788d684b03ef03e5aabb566210259eb1f6296eec5395,csv.gz,186,1704067200000000,1706731200000000
gold/binance/futures/um/indexPriceKlines/BTCUSDT/5m/2024/01/BTCUSDT-5m-2024-01.csv.gz,241633,31983b7313637a88e580ced55daea157c434bca93dac4d0304b0a37b773babc1,csv.gz,8928,1704067200000000,1706745300000000
gold/binance/futures/um/indexPriceKlines/ETHUSDT/15m/2024/01/ETHUSDT-15m-2024-01.csv.gz,75000,8fa985165fc8d97a9db517dd45c8f6bc35a58b009e44ecffa4173a4e343f8f47,csv.gz,2976,1704067200000000,1706744700000000
gold/binance/futures/um/indexPriceKlines/ETHUSDT/1h/2024/01/ETHUSDT-1h-2024-01.csv.gz,21259,fa222ed14a664db8b4339dbd510ca75efac08fb9fb2869de3fcfc34b5eca453e,csv.gz,744,1704067200000000,1706742000000000
gold/binance/futures/um/indexPriceKlines/ETHUSDT/4h/2024/01/ETHUSDT-4h-2024-01.csv.gz,5973,916f75c44eb5c573c311a4f64762c29dea71552f40a26e7675fa51ba65db1b6b,csv.gz,186,1704067200000000,1706731200000000
gold/binance/futures/um/indexPriceKlines/ETHUSDT/5m/2024/01/ETHUSDT-5m-2024-01.csv.gz,211698,7281522b29dd58fe3031acf401dc5ca41786fa0bcaf44512bd8dfe5ee1f91cd6,csv.gz,8928,1704067200000000,1706745300000000
gold/binance/futures/um/indexPriceKlines/SOLUSDT/15m/2024/01/SOLUSDT-15m-2024-01.csv.gz,89652,1363301c11110e195caa29e16acdb518ce08fffc0b6958d0b0502f93f0844f51,csv.gz,2976,1704067200000000,1706744700000000
gold/binance/futures/um/indexPriceKlines/SOLUSDT/1h/2024/01/SOLUSDT-1h-2024-01.csv.gz,24865,b0fb2dfec556e9ee8ddba88289c93dc0e7050caba8f60afab33ab15b3d3e778f,csv.gz,744,1704067200000000,1706742000000000
gold/binance/futures/um/indexPriceKlines/SOLUSDT/4h/2024/01/SOLUSDT-4h-2024-01.csv.gz,6742,e77d7ffc11f8bc8378bec78024d7b6c59860f7432cbac83619302c2b4514c130,csv.gz,186,1704067200000000,1706731200000000
gold/binance/futures/um/indexPriceKlines/SOLUSDT/5m/2024/01/SOLUSDT-5m-2024-01.csv.gz,258583,00507c328371eec93bb9f6f899f58b1ba18cf69042c6dfc2868d4fa0ed49ce7b,csv.gz,8928,1704067200000000,1706745300000000
gold/binance/futures/um/indexPriceKlines/XRPUSDT/15m/2024/01/XRPUSDT-15m-2024-01.csv.gz,71077,3b0e4f4707567c583459101f0b89e33e35e71b59cef4aeb59f735d38f9be660e,csv.gz,2976,1704067200000000,1706744700000000
gold/binance/futures/um/indexPriceKlines/XRPUSDT/1h/2024/01/XRPUSDT-1h-2024-01.csv.gz,20008,d5884141f83afb016939e934650e7faf1825511562d31edb2f1d3c3c4d48086c,csv.gz,744,1704067200000000,1706742000000000
gold/binance/futures/um/indexPriceKlines/XRPUSDT/4h/2024/01/XRPUSDT-4h-2024-01.csv.gz,5551,661a0573c9b03897255abcebaa65791eef1c02d735a0b05bb8772a2fb6965d3c,csv.gz,186,1704067200000000,1706731200000000
gold/binance/futures/um/indexPriceKlines/XRPUSDT/5m/2024/01/XRPUSDT-5m-2024-01.csv.gz,202440,6ba6eda1d235e01e1a7692134fb4b76b9a8b971077cf75844cfdceb41fa5565c,csv.gz,8928,1704067200000000,1706745300000000
gold/binance/futures/um/klines/BTCUSDT/15m/2024/01/BTCUSDT-15m-2024-01.csv.gz,152607,2177f626be4735363571971466a46d1cc52217bcc72b962cf4fc7d481b8e983d,csv.gz,2976,1704067200000000,1706744700000000
gold/binance/futures/um/klines/BTCUSDT/1h/2024/01/BTCUSDT-1h-2024-01.csv.gz,41975,759bd38e14cfd671caa58f39afa0b87d5dd4942997a7540e17579ac8460d4906,csv.gz,744,1704067200000000,1706742000000000
gold/binance/futures/um/klines/BTCUSDT/4h/2024/01/BTCUSDT-4h-2024-01.csv.gz,11460,4fa49699b80bde62c51a1ce6a188f2bb9a7f7a0970e998b63a6c5ce2d905251c,csv.gz,186,1704067200000000,1706731200000000
gold/binance/futures/um/klines/BTCUSDT/5m/2024/01/BTCUSDT-5m-2024-01.csv.gz,432371,a593ea0ae78d6dcb2d108c47edf3de61a2febae374fbaa1309c86fd1f0a21c24,csv.gz,8928,1704067200000000,1706745300000000
gold/binance/futures/um/klines/ETHUSDT/15m/2024/01/ETHUSDT-15m-2024-01.csv.gz,153541,49f059a6534b6f8366aca650933fd90174c8dff8788936e40ad2811f3bc343fb,csv.gz,2976,1704067200000000,1706744700000000
gold/binance/futures/um/klines/ETHUSDT/1h/2024/01/ETHUSDT-1h-2024-01.csv.gz,42072,236f253861d68f1d16b7a5cb61569019f2fefeea042f2bb0f685c900ace824d4,csv.gz,744,1704067200000000,1706742000000000
gold/binance/futures/um/klines/ETHUSDT/4h/2024/01/ETHUSDT-4h-2024-01.csv.gz,11430,060ea12bc6de6a1823958e9b337f296893f2bce4dc3be70d3be3372bccf75f23,csv.gz,186,1704067200000000,1706731200000000
gold/binance/futures/um/klines/ETHUSDT/5m/2024/01/ETHUSDT-5m-2024-01.csv.gz,435848,abb3e7b579f7e50a9acd7cc764c262ed60f0d056c1230900a179c510d097d25a,csv.gz,8928,1704067200000000,1706745300000000
gold/binance/futures/um/klines/SOLUSDT/15m/2024/01/SOLUSDT-15m-2024-01.csv.gz,137192,1b5738ee5871764e55a3fbcd7dd254a49357b1049c479718e144a5fab090efd1,csv.gz,2976,1704067200000000,1706744700000000
gold/binance/futures/um/klines/SOLUSDT/1h/2024/01/SOLUSDT-1h-2024-01.csv.gz,37770,e9b525abf8f33a791af2e93b54e2fe09db17e38538c6f6f806f1c56936739995,csv.gz,744,1704067200000000,1706742000000000
gold/binance/futures/um/klines/SOLUSDT/4h/2024/01/SOLUSDT-4h-2024-01.csv.gz,10362,5bfe5b3c7df6719f11313793bbb98b0d214674ee4936c9e3012e6e0fb21739b6,csv.gz,186,1704067200000000,1706731200000000
gold/binance/futures/um/klines/SOLUSDT/5m/2024/01/SOLUSDT-5m-2024-01.csv.gz,388190,ad5f5f5cb9e2afb793112337c10167e1c20019de85c3a6fefc4a448c360dffba,csv.gz,8928,1704067200000000,1706745300000000
gold/binance/futures/um/klines/XRPUSDT/15m/2024/01/XRPUSDT-15m-2024-01.csv.gz,138280,942fd6d49ad26e7f0e00213ba02ad0f59ec45000648c94241a9d71fdd2733172,csv.gz,2976,1704067200000000,1706744700000000
gold/binance/futures/um/klines/XRPUSDT/1h/2024/01/XRPUSDT-1h-2024-01.csv.gz,38314,d23f0fbd372d5db26af99c199addcaaf72dba72f4c9dcafa0e8826edcb559768,csv.gz,744,1704067200000000,1706742000000000
gold/binance/futures/um/klines/XRPUSDT/4h/2024/01/XRPUSDT-4h-2024-01.csv.gz,10560,35fddc70ea854e03a36a3f1a0c9bea2eefd8ef92907dd12dfebbb18b2e547337,csv.gz,186,1704067200000000,1706731200000000
gold/binance/futures/um/klines/XRPUSDT/5m/2024/01/XRPUSDT-5m-2024-01.csv.gz,387166,98d766b824f4162f907ea2f8ecce682889ebe4760a04f3c24cae90c4bfd741a7,csv.gz,8928,1704067200000000,1706745300000000
gold/binance/futures/um/markPriceKlines/BTCUSDT/15m/2024/01/BTCUSDT-15m-2024-01.csv.gz,89967,b34dda6c0aeb6930580c43260929ca7a983c42dc26f5f111e03c855d06c62c40,csv.gz,2976,1704067200000000,1706744700000000
gold/binance/futures/um/markPriceKlines/BTCUSDT/1h/2024/01/BTCUSDT-1h-2024-01.csv.gz,25025,b2b3cfd30502c0aafd360433786c6677e564e42babd7bd69728a850e9a1c5d0b,csv.gz,744,1704067200000000,1706742000000000
gold/binance/futures/um/markPriceKlines/BTCUSDT/4h/2024/01/BTCUSDT-4h-2024-01.csv.gz,6951,63d1d0882436a91026518e304eed38c6f5721f876eac2f4eaac6297bf06e9cbd,csv.gz,186,1704067200000000,1706731200000000
gold/binance/futures/um/markPriceKlines/BTCUSDT/5m/2024/01/BTCUSDT-5m-2024-01.csv.gz,256313,7a8cafd78278e787af7ab7c3fde3691120ff5e05c898f1616ebbcab81168f758,csv.gz,8928,1704067200000000,1706745300000000
gold/binance/futures/um/markPriceKlines/ETHUSDT/15m/2024/01/ETHUSDT-15m-2024-01.csv.gz,83408,762c44b2c75ebe9215720741c1584d292c1838cb2dd35f31745e984493aae9db,csv.gz,2976,1704067200000000,1706744700000000
gold/binance/futures/um/markPriceKlines/ETHUSDT/1h/2024/01/ETHUSDT-1h-2024-01.csv.gz,23386,850e69c6b22870a265ec57be6132a3330d72350c978f2672f374587920090263,csv.gz,744,1704067200000000,1706742000000000
gold/binance/futures/um/markPriceKlines/ETHUSDT/4h/2024/01/ETHUSDT-4h-2024-01.csv.gz,6511,60e0958f8544280d954f7e478ef62a12e1e34457573227ae4917614c7f85c339,csv.gz,186,1704067200000000,1706731200000000
gold/binance/futures/um/markPriceKlines/ETHUSDT/5m/2024/01/ETHUSDT-5m-2024-01.csv.gz,235697,807c412caefcf4b179cb28b2a6782f432c6a26e553084dea633944358af6e6de,csv.gz,8928,1704067200000000,1706745300000000
gold/binance/futures/um/markPriceKlines/SOLUSDT/15m/2024/01/SOLUSDT-15m-2024-01.csv.gz,80682,08a09564be6f6d5aba8c25156548914a7f6671fa61d93c731ed14f9c6f815c28,csv.gz,2976,1704067200000000,1706744700000000
gold/binance/futures/um/markPriceKlines/SOLUSDT/1h/2024/01/SOLUSDT-1h-2024-01.csv.gz,22755,ce4dc148439671b86c994486ff1d9efe891580616ec61021f062d40df9a94d06,csv.gz,744,1704067200000000,1706742000000000
gold/binance/futures/um/markPriceKlines/SOLUSDT/4h/2024/01/SOLUSDT-4h-2024-01.csv.gz,6259,f6654654204260cbe1d717055f0ba7aa44ce7ce9442c50f49ae920a464229ac1,csv.gz,186,1704067200000000,1706731200000000
gold/binance/futures/um/markPriceKlines/SOLUSDT/5m/2024/01/SOLUSDT-5m-2024-01.csv.gz,230907,095be1f3732016d944d16afa0763f91efc91791e4747e8e17a7de44ae72e16b5,csv.gz,8928,1704067200000000,1706745300000000
gold/binance/futures/um/markPriceKlines/XRPUSDT/15m/2024/01/XRPUSDT-15m-2024-01.csv.gz,63311,af53b0c02725862fa1b3055dd289a18c71ac043a06c343d04de16db94e91feb0,csv.gz,2976,1704067200000000,1706744700000000
gold/binance/futures/um/markPriceKlines/XRPUSDT/1h/2024/01/XRPUSDT-1h-2024-01.csv.gz,18196,fb7a24a68d92ea7105b41f20a919560c936491b8be5a9b669173eae799277350,csv.gz,744,1704067200000000,1706742000000000
gold/binance/futures/um/markPriceKlines/XRPUSDT/4h/2024/01/XRPUSDT-4h-2024-01.csv.gz,5088,f63a21a95a935a6a4e56e272333001afda763f84e883021904ef66d10d77ef98,csv.gz,186,1704067200000000,1706731200000000
gold/binance/futures/um/markPriceKlines/XRPUSDT/5m/2024/01/XRPUSDT-5m-2024-01.csv.gz,177544,771c04798ad0802779fbc48d4a6fa0bd142aa4e6efc46035c981dddf6897d28f,csv.gz,8928,1704067200000000,1706745300000000
gold/binance/futures/um/premiumIndexKlines/BTCUSDT/15m/2024/01/BTCUSDT-15m-2024-01.csv.gz,67514,3104be54606f80d32d463b345e295ab73c3d0e9157ae65b4177c0fc7331ae8a4,csv.gz,2976,1704067200000000,1706744700000000
gold/binance/futures/um/premiumIndexKlines/BTCUSDT/1h/2024/01/BTCUSDT-1h-2024-01.csv.gz,18911,55916c5432fcbcc66ff60cc4da905c7c7a76b10382326feb0f71fe4061706b9e,csv.gz,744,1704067200000000,1706742000000000
gold/binance/futures/um/premiumIndexKlines/BTCUSDT/4h/2024/01/BTCUSDT-4h-2024-01.csv.gz,5282,546a9b480ec9086e5efd81999333a0390ca1397a6af81483b20bf288ba4a10c7,csv.gz,186,1704067200000000,1706731200000000
gold/binance/futures/um/premiumIndexKlines/BTCUSDT/5m/2024/01/BTCUSDT-5m-2024-01.csv.gz,194574,0d139677c75c74cc98afa24ba59da827fbbdc4c75bc3526fb07f61f5c0f8a068,csv.gz,8928,1704067200000000,1706745300000000
gold/binance/futures/um/premiumIndexKlines/ETHUSDT/15m/2024/01/ETHUSDT-15m-2024-01.csv.gz,67544,2bacf90df2b72d291ea1da18968f4561a95a08db79d363f1c08af895de0e04a6,csv.gz,2976,1704067200000000,1706744700000000
gold/binance/futures/um/premiumIndexKlines/ETHUSDT/1h/2024/01/ETHUSDT-1h-2024-01.csv.gz,18904,b4e107d89295071404f6c3e717d90af31f6939342cd389f93dadb3b8fb9c2cf7,csv.gz,744,1704067200000000,1706742000000000
gold/binance/futures/um/premiumIndexKlines/ETHUSDT/4h/2024/01/ETHUSDT-4h-2024-01.csv.gz,5235,00cf61c84da1b0257c556609db9e31960a6cab6b4fece35ba0a8e1df06921d93,csv.gz,186,1704067200000000,1706731200000000
gold/binance/futures/um/premiumIndexKlines/ETHUSDT/5m/2024/01/ETHUSDT-5m-2024-01.csv.gz,194496,46b4d66be757ddde90f6231079d89c172ecc5c9b7adfbdc8ea0484eb7bb61949,csv.gz,8928,1704067200000000,1706745300000000
gold/binance/futures/um/premiumIndexKlines/SOLUSDT/15m/2024/01/SOLUSDT-15m-2024-01.csv.gz,68076,ffcf6168cdfb99120309b36b476bb37f818ff0df3bb8e8f87dd1d857255ef725,csv.gz,2976,1704067200000000,1706744700000000
gold/binance/futures/um/premiumIndexKlines/SOLUSDT/1h/2024/01/SOLUSDT-1h-2024-01.csv.gz,19006,293fd5144b86d9401887de52dd2508d969ee3e12448d30b6736d7041554deae4,csv.gz,744,1704067200000000,1706742000000000
gold/binance/futures/um/premiumIndexKlines/SOLUSDT/4h/2024/01/SOLUSDT-4h-2024-01.csv.gz,5295,717c93fe1874562928dd986ffe4b65c53f7057b2052b25b6d0353d99496dc117,csv.gz,186,1704067200000000,1706731200000000
gold/binance/futures/um/premiumIndexKlines/SOLUSDT/5m/2024/01/SOLUSDT-5m-2024-01.csv.gz,196494,81c08423e8bc302262ef7f425473ea1e73ab9abd389269c93a8c85f4cd7ccbc4,csv.gz,8928,1704067200000000,1706745300000000
gold/binance/futures/um/premiumIndexKlines/XRPUSDT/15m/2024/01/XRPUSDT-15m-2024-01.csv.gz,62747,feea6809a202af1dd7bb3031f161b9ecf3442c1905b76a215d5ccf15dcf88558,csv.gz,2976,1704067200000000,1706744700000000
gold/binance/futures/um/premiumIndexKlines/XRPUSDT/1h/2024/01/XRPUSDT-1h-2024-01.csv.gz,17996,fc31edd688ae952cfbf6a5b2784d0f587e5f0589138ce7b02ae7745ea8efb068,csv.gz,744,1704067200000000,1706742000000000
gold/binance/futures/um/premiumIndexKlines/XRPUSDT/4h/2024/01/XRPUSDT-4h-2024-01.csv.gz,5055,1460dd52b4b2471ec4f66b4c35666dfad9d341d579eb468fe157e3e48d25ff2e,csv.gz,186,1704067200000000,1706731200000000
gold/binance/futures/um/premiumIndexKlines/XRPUSDT/5m/2024/01/XRPUSDT-5m-2024-01.csv.gz,177631,4b727ad5b409a7a942d8300c1c1b2c0b5d982fca3287dba4f12c957dac2ba986,csv.gz,8928,1704067200000000,1706745300000000
gold/binance/spot/klines/BTCUSDT/15m/2024/01/BTCUSDT-15m-2024-01.csv.gz,174288,df17600e9758464f0b149e721dbd6aea8b9bfa6fe727925b90c22a95116694d6,csv.gz,2976,1704067200000000,1706744700000000
gold/binance/spot/klines/BTCUSDT/1h/2024/01/BTCUSDT-1h-2024-01.csv.gz,47188,3504563bd812472b1b4fd2ead16e46cb88b37ce27c86f422b715d8ea364e7b74,csv.gz,744,1704067200000000,1706742000000000
gold/binance/spot/klines/BTCUSDT/4h/2024/01/BTCUSDT-4h-2024-01.csv.gz,12749,6ce42cdddc1af1ccd08ef1ac765cafa0fd4b1d1c5367908c8e31e518f938a93b,csv.gz,186,1704067200000000,1706731200000000
gold/binance/spot/klines/BTCUSDT/5m/2024/01/BTCUSDT-5m-2024-01.csv.gz,496409,eade1e570185dee8c39fc333e33fe0e7d62ef1cbc7c9f34bc19a78b58cf0d094,csv.gz,8928,1704067200000000,1706745300000000
gold/binance/spot/klines/ETHUSDT/15m/2024/01/ETHUSDT-15m-2024-01.csv.gz,164083,2a72de77213f67405cf2546f89889c0a42ba8eda1c1e5cd2f67c96a3084862e4,csv.gz,2976,1704067200000000,1706744700000000
gold/binance/spot/klines/ETHUSDT/1h/2024/01/ETHUSDT-1h-2024-01.csv.gz,44676,b604ba35c3222447b43f49fe087f4b3c32b8eb8b2923f5a285f2797502705e7d,csv.gz,744,1704067200000000,1706742000000000
gold/binance/spot/klines/ETHUSDT/4h/2024/01/ETHUSDT-4h-2024-01.csv.gz,12145,1f6fabc03dc8b62e7a7091ea159f88ffb7f31798a06f61fdcfb42e99e0c47fe5,csv.gz,186,1704067200000000,1706731200000000
gold/binance/spot/klines/ETHUSDT/5m/2024/01/ETHUSDT-5m-2024-01.csv.gz,466805,ad8bd7b0fa7bdaec14898ea81b41a9fff339d75bcef0f0f7f652290a9c475cbd,csv.gz,8928,1704067200000000,1706745300000000
gold/binance/spot/klines/SOLUSDT/15m/2024/01/SOLUSDT-15m-2024-01.csv.gz,141838,fcb13e4d699bc1e70e4848ce0dffecb591369dd0ce5633b444f8767f050bfa7d,csv.gz,2976,1704067200000000,1706744700000000
gold/binance/spot/klines/SOLUSDT/1h/2024/01/SOLUSDT-1h-2024-01.csv.gz,39118,b81c5467a470dfdf1806cfef7875cfe1c1aafd3b38c648461c2c0dba03a59cc4,csv.gz,744,1704067200000000,1706742000000000
gold/binance/spot/klines/SOLUSDT/4h/2024/01/SOLUSDT-4h-2024-01.csv.gz,10690,391741fc2a7931ec8f96b9220319ad7ebe219fc5c4d497ee31d01e4693b293d0,csv.gz,186,1704067200000000,1706731200000000
gold/binance/spot/klines/SOLUSDT/5m/2024/01/SOLUSDT-5m-2024-01.csv.gz,399138,a1aa1303281ae80fec5628a4fa182e7d230cb1fe103bb6c968a1059351847f0a,csv.gz,8928,1704067200000000,1706745300000000
gold/binance/spot/klines/XRPUSDT/15m/2024/01/XRPUSDT-15m-2024-01.csv.gz,132380,3472012a18bd269df9537b5d6782b300f4260af70a622ecdad30f2a12ac81a7b,csv.gz,2976,1704067200000000,1706744700000000
gold/binance/spot/klines/XRPUSDT/1h/2024/01/XRPUSDT-1h-2024-01.csv.gz,36874,5808c4b5c4fa27c0539965a015e480ea81ee56297b044364e5955dbf0886d00e,csv.gz,744,1704067200000000,1706742000000000
gold/binance/spot/klines/XRPUSDT/4h/2024/01/XRPUSDT-4h-2024-01.csv.gz,10255,4db17449b78fa521e672cadcecea0cb15c53f0df734e13778de0c911b3479265,csv.gz,186,1704067200000000,1706731200000000
gold/binance/spot/klines/XRPUSDT/5m/2024/01/XRPUSDT-5m-2024-01.csv.gz,369090,d7916177286c324aa303cf6ee07290888bef6840ec062df5f2fa173064d982f2,csv.gz,8928,1704067200000000,1706745300000000
quality/contracts/BACKTEST_SEMANTICS.md,2099,3b69e17ed938ca83f307930256c844fb62b8916cd2bddd75930bd7a6cfe43bc8,md,0,,
quality/contracts/DATA_CONTRACT.md,2360,874b5d5dbae8b8b27e515b295de3d07a78cda7dc415023e6879057a09edb5d19,md,0,,
quality/resample/binance/futures/um/indexPriceKlines/BTCUSDT/15m/2024/01/BTCUSDT-15m-2024-01.quality.json,652,2fc9e3cd4a83b620b81cbf4a0cdd8c32011b46c6f362bb17367ac5e8709a76ed,json,0,,
quality/resample/binance/futures/um/indexPriceKlines/BTCUSDT/1h/2024/01/BTCUSDT-1h-2024-01.quality.json,648,5695b739cc92031a0b9aad71cb46f81aeb8aff58ab97174cb02a31178ad0db3f,json,0,,
quality/resample/binance/futures/um/indexPriceKlines/BTCUSDT/4h/2024/01/BTCUSDT-4h-2024-01.quality.json,648,b044c79a9e42e71e5dff1e1ba52f13b2a048d88c6db84b05ddd06fecef64c969,json,0,,
quality/resample/binance/futures/um/indexPriceKlines/BTCUSDT/5m/2024/01/BTCUSDT-5m-2024-01.quality.json,649,5dc1c7c61282464c10d4d8b3b1d88fb13b25a2ee6b74518a049b41c3585f1c7e,json,0,,
quality/resample/binance/futures/um/indexPriceKlines/ETHUSDT/15m/2024/01/ETHUSDT-15m-2024-01.quality.json,652,865180e5a087637aa52bd00c5c73b2f4387cac2c142ad9810c513d89bad941f1,json,0,,
quality/resample/binance/futures/um/indexPriceKlines/ETHUSDT/1h/2024/01/ETHUSDT-1h-2024-01.quality.json,648,bfa47d8eee251971687c018536b502533d9b2661d71e759937d6c362e3ac92ac,json,0,,
quality/resample/binance/futures/um/indexPriceKlines/ETHUSDT/4h/2024/01/ETHUSDT-4h-2024-01.quality.json,648,9e9de87743362f02a8ec49b1566680b107882e175a832ff2f35572209860a1f4,json,0,,
quality/resample/binance/futures/um/indexPriceKlines/ETHUSDT/5m/2024/01/ETHUSDT-5m-2024-01.quality.json,649,c6eb43792a36c4e123641e9dbc5fb9d4398ca0019acf3e548d98b6edc4e124ce,json,0,,
quality/resample/binance/futures/um/indexPriceKlines/SOLUSDT/15m/2024/01/SOLUSDT-15m-2024-01.quality.json,652,f523975be13fc24f8485422fd10b5c209c3769cde64c1d9012cb1c8dcd35be75,json,0,,
quality/resample/binance/futures/um/indexPriceKlines/SOLUSDT/1h/2024/01/SOLUSDT-1h-2024-01.quality.json,648,0b0f012d3995c263d44bf41ccf03c4907194251d71241e27b50c87215462e3d5,json,0,,
quality/resample/binance/futures/um/indexPriceKlines/SOLUSDT/4h/2024/01/SOLUSDT-4h-2024-01.quality.json,648,e3cebe19e936eef9da49c6244f6a175e45109cdf8beee525bb32701097bf423d,json,0,,
quality/resample/binance/futures/um/indexPriceKlines/SOLUSDT/5m/2024/01/SOLUSDT-5m-2024-01.quality.json,649,540ec01602266d2beee1cc5557d65c33b5f687b563182f75083cf484fe0a04a2,json,0,,
quality/resample/binance/futures/um/indexPriceKlines/XRPUSDT/15m/2024/01/XRPUSDT-15m-2024-01.quality.json,652,7893736c36fa8a16a8657a548744efb7949f5330887d6f62cddcae224569f893,json,0,,
quality/resample/binance/futures/um/indexPriceKlines/XRPUSDT/1h/2024/01/XRPUSDT-1h-2024-01.quality.json,648,2f2b2759b607680b502136019764c0c353e3ba7a5578010fe1545caf9245793f,json,0,,
quality/resample/binance/futures/um/indexPriceKlines/XRPUSDT/4h/2024/01/XRPUSDT-4h-2024-01.quality.json,648,8ee7ca21516996035c0a6a9d18dcf61c42ccd83f0ec8b9432e01f30cbd0b36e2,json,0,,
quality/resample/binance/futures/um/indexPriceKlines/XRPUSDT/5m/2024/01/XRPUSDT-5m-2024-01.quality.json,649,07ee8dca62fbeca3081dec3f289a1ecf449443edc6a04248d3f76c231aa9ea3b,json,0,,
quality/resample/binance/futures/um/klines/BTCUSDT/15m/2024/01/BTCUSDT-15m-2024-01.quality.json,632,85458c072d098a8a65371668b929b50881583a763ad35d50ea7dd955f0aeb985,json,0,,
quality/resample/binance/futures/um/klines/BTCUSDT/1h/2024/01/BTCUSDT-1h-2024-01.quality.json,628,cc41f8f6bb32ac36bb0db258918201406a74b7c44402f4ad0253e9abf1b024b1,json,0,,
quality/resample/binance/futures/um/klines/BTCUSDT/4h/2024/01/BTCUSDT-4h-2024-01.quality.json,628,5b42bee0ef3c37b49cf168a133a714c61c2d43804562cd65622b119c6cdef3a2,json,0,,
quality/resample/binance/futures/um/klines/BTCUSDT/5m/2024/01/BTCUSDT-5m-2024-01.quality.json,629,09cc967cc9fcca43854fd6997620271ca6197d57e6335c98e15ea04fd4b47f82,json,0,,
quality/resample/binance/futures/um/klines/ETHUSDT/15m/2024/01/ETHUSDT-15m-2024-01.quality.json,632,b5254ee195749bd0bffe948d774f2f26e0aa8208bb193372aa32d437768ac72a,json,0,,
quality/resample/binance/futures/um/klines/ETHUSDT/1h/2024/01/ETHUSDT-1h-2024-01.quality.json,628,8d881fb53e6506c7582b0b5b78fc53373d946f9053779dc91a38ce6623e7607b,json,0,,
quality/resample/binance/futures/um/klines/ETHUSDT/4h/2024/01/ETHUSDT-4h-2024-01.quality.json,628,5d567a67db9a2b918572f07c606ad7652c6ebf444ebd60490cd9af659d35d9f1,json,0,,
quality/resample/binance/futures/um/klines/ETHUSDT/5m/2024/01/ETHUSDT-5m-2024-01.quality.json,629,26d0ba66446804c54c4e5ef6929b7748eae730db8dfe9dd79dd5d3f6b86359ee,json,0,,
quality/resample/binance/futures/um/klines/SOLUSDT/15m/2024/01/SOLUSDT-15m-2024-01.quality.json,632,5d7abb62c5eff6ef8098604df12b3bd471c2ceefe89e6da2f0dd430d69e43944,json,0,,
quality/resample/binance/futures/um/klines/SOLUSDT/1h/2024/01/SOLUSDT-1h-2024-01.quality.json,628,a43defbf66955ec54aaa4b64c387bda0f7e3cad062c97b7c4abbab2a62fc9e88,json,0,,
quality/resample/binance/futures/um/klines/SOLUSDT/4h/2024/01/SOLUSDT-4h-2024-01.quality.json,628,1f6ed2597d68a50f2d9e3854907b8d3d70246821042ea45c80ad4642b99bd292,json,0,,
quality/resample/binance/futures/um/klines/SOLUSDT/5m/2024/01/SOLUSDT-5m-2024-01.quality.json,629,107ac59723ea317290ccac4e17a5a1ca10ffa4f53f45afc6510b0fb6deb9c19a,json,0,,
quality/resample/binance/futures/um/klines/XRPUSDT/15m/2024/01/XRPUSDT-15m-2024-01.quality.json,632,80ccaa6d2cae8df0637b6a8319751e55f581737df356d685df7a35d1614fcb6b,json,0,,
quality/resample/binance/futures/um/klines/XRPUSDT/1h/2024/01/XRPUSDT-1h-2024-01.quality.json,628,7013738cfac6cbbcb1b8ad71a3f75e0c6cc3ac71fa64461445a8cab1ff545db0,json,0,,
quality/resample/binance/futures/um/klines/XRPUSDT/4h/2024/01/XRPUSDT-4h-2024-01.quality.json,628,6f56dc9091e4ba17e48697ea3f895af818f287ca69cba0ab74fbb87e7017af5f,json,0,,
quality/resample/binance/futures/um/klines/XRPUSDT/5m/2024/01/XRPUSDT-5m-2024-01.quality.json,629,f8c7aa51fe800062c838317366d8eea73ab657bb86b7c2a694ad128412fbe35e,json,0,,
quality/resample/binance/futures/um/markPriceKlines/BTCUSDT/15m/2024/01/BTCUSDT-15m-2024-01.quality.json,650,5bd58a39f6d04e2e3eb97e3a0ef5030b9d04a4830d1ac00da7a3d6744505d2b4,json,0,,
quality/resample/binance/futures/um/markPriceKlines/BTCUSDT/1h/2024/01/BTCUSDT-1h-2024-01.quality.json,646,23a3499d5fb37278d0aa13f3b4213c4e3b2df2973fdfa14d65373f2693cd7cb7,json,0,,
quality/resample/binance/futures/um/markPriceKlines/BTCUSDT/4h/2024/01/BTCUSDT-4h-2024-01.quality.json,646,7db33991b10e6275b6152eaa9565244ad72334301cde46c65ecb2dc14af8560a,json,0,,
quality/resample/binance/futures/um/markPriceKlines/BTCUSDT/5m/2024/01/BTCUSDT-5m-2024-01.quality.json,647,390d5d0f7f5a674febeda97251d1dd2c30cd8c8dbaec74124a43f7314746de33,json,0,,
quality/resample/binance/futures/um/markPriceKlines/ETHUSDT/15m/2024/01/ETHUSDT-15m-2024-01.quality.json,650,c335bb48ca50d42681131c6ff25e945e651a71ba2b2e488dad0bdac46f759f0c,json,0,,
quality/resample/binance/futures/um/markPriceKlines/ETHUSDT/1h/2024/01/ETHUSDT-1h-2024-01.quality.json,646,ad85c24fe44c4b428429e05cd2ca7d6cc57ba15a89359865d5f2f412bef2c419,json,0,,
quality/resample/binance/futures/um/markPriceKlines/ETHUSDT/4h/2024/01/ETHUSDT-4h-2024-01.quality.json,646,19d24394a9af8cbdf653c0c60a40be906bb889dd5acddf0a2a708f5a460621eb,json,0,,
quality/resample/binance/futures/um/markPriceKlines/ETHUSDT/5m/2024/01/ETHUSDT-5m-2024-01.quality.json,647,bcb2b32970102f2e427104b950bd15b812e2f365a617b239dbeeb3f6cef59c76,json,0,,
quality/resample/binance/futures/um/markPriceKlines/SOLUSDT/15m/2024/01/SOLUSDT-15m-2024-01.quality.json,650,b30092307903f3b4ee7023e57ecfd504794e1cc3368d0f841dd3bed10885402d,json,0,,
quality/resample/binance/futures/um/markPriceKlines/SOLUSDT/1h/2024/01/SOLUSDT-1h-2024-01.quality.json,646,51ff8a15ff244e46bdaadf24f47ecccadcb2c4d71e20ad93a572be9e1f8d3968,json,0,,
quality/resample/binance/futures/um/markPriceKlines/SOLUSDT/4h/2024/01/SOLUSDT-4h-2024-01.quality.json,646,7410e3729445003acc7e310e7d33dcf4ae8fa237662ea7b9b9fcc4ca21fd0dd4,json,0,,
quality/resample/binance/futures/um/markPriceKlines/SOLUSDT/5m/2024/01/SOLUSDT-5m-2024-01.quality.json,647,a3ffe9a48fb0065a8e60df91c1e4ce19ee6cf946d318a7c769599d41e7ea06a9,json,0,,
quality/resample/binance/futures/um/markPriceKlines/XRPUSDT/15m/2024/01/XRPUSDT-15m-2024-01.quality.json,650,c94eba72def18d3c15822ba6de9094f370bb5c1479f9e44c19e1d1c28ac3190e,json,0,,
quality/resample/binance/futures/um/markPriceKlines/XRPUSDT/1h/2024/01/XRPUSDT-1h-2024-01.quality.json,646,a7eb40d1ac891b2fb79f9954d000d8af070c60d3fa21f041a189fb4cbd714efa,json,0,,
quality/resample/binance/futures/um/markPriceKlines/XRPUSDT/4h/2024/01/XRPUSDT-4h-2024-01.quality.json,646,57752f38fd1aeb58f6b4bb9b44e90706f2d4c60c472ea18b8a7c33fc92a06530,json,0,,
quality/resample/binance/futures/um/markPriceKlines/XRPUSDT/5m/2024/01/XRPUSDT-5m-2024-01.quality.json,647,cc8465470a714fb65754d3a16d26907a1bf9730305c6a89fd72d524de1a6cdaf,json,0,,
quality/resample/binance/futures/um/premiumIndexKlines/BTCUSDT/15m/2024/01/BTCUSDT-15m-2024-01.quality.json,656,6bf0ef5c0e7798124bf061a36ddab52a7fd0bdc3df56a69539a4accded117306,json,0,,
quality/resample/binance/futures/um/premiumIndexKlines/BTCUSDT/1h/2024/01/BTCUSDT-1h-2024-01.quality.json,652,ae477870caee0cbad04274f0f262699183376e30dd176eb27abc7fbf48199776,json,0,,
quality/resample/binance/futures/um/premiumIndexKlines/BTCUSDT/4h/2024/01/BTCUSDT-4h-2024-01.quality.json,652,dd42cf459a182cf521e5c4ec6414b86eb34f80f059ff665b3fe82414537a43ee,json,0,,
quality/resample/binance/futures/um/premiumIndexKlines/BTCUSDT/5m/2024/01/BTCUSDT-5m-2024-01.quality.json,653,114e8b09311ed99815d48a4efe2858ad63896f520c526b15284a6703e772ffe7,json,0,,
quality/resample/binance/futures/um/premiumIndexKlines/ETHUSDT/15m/2024/01/ETHUSDT-15m-2024-01.quality.json,656,a272f6ae1b03cde7417765a4f2f4d7be9cb07ee0b6d63c344fd1aae87eabd098,json,0,,
quality/resample/binance/futures/um/premiumIndexKlines/ETHUSDT/1h/2024/01/ETHUSDT-1h-2024-01.quality.json,652,046090862c7fe005cc1c59c7e9688b6650f9d76e2f17e7711e6e900c007e64f3,json,0,,
quality/resample/binance/futures/um/premiumIndexKlines/ETHUSDT/4h/2024/01/ETHUSDT-4h-2024-01.quality.json,652,4f61ee233402867bbb10163608c71fb9166492a6f54493d9b6b756f07df83aeb,json,0,,
quality/resample/binance/futures/um/premiumIndexKlines/ETHUSDT/5m/2024/01/ETHUSDT-5m-2024-01.quality.json,653,19417538acb8c44e3e9729d99ba3e1bb9d7cbd7ce902e37f5e37b251d220d1ec,json,0,,
quality/resample/binance/futures/um/premiumIndexKlines/SOLUSDT/15m/2024/01/SOLUSDT-15m-2024-01.quality.json,656,769360fd3aad25279b12f3a5546b5b84aa06008cd65ab3a6af2bd926c101a914,json,0,,
quality/resample/binance/futures/um/premiumIndexKlines/SOLUSDT/1h/2024/01/SOLUSDT-1h-2024-01.quality.json,652,6e79f63d2d3488a51efaeacd2a8bd2e466fa94c35450fa24fa7079dc97906b46,json,0,,
quality/resample/binance/futures/um/premiumIndexKlines/SOLUSDT/4h/2024/01/SOLUSDT-4h-2024-01.quality.json,652,de3d908d3f4d2410cf01f6ae17fea254a6250b7e864aecf328135e3e8940571b,json,0,,
quality/resample/binance/futures/um/premiumIndexKlines/SOLUSDT/5m/2024/01/SOLUSDT-5m-2024-01.quality.json,653,73c5dc5ba201069ea457d8751aeeef4f9153774f695fed57251877c8ba57bb90,json,0,,
quality/resample/binance/futures/um/premiumIndexKlines/XRPUSDT/15m/2024/01/XRPUSDT-15m-2024-01.quality.json,656,fe78e6b375d662c78a6d6d38c11d9a436b7e9e6f537ea63a9efcb0ccd71493ca,json,0,,
quality/resample/binance/futures/um/premiumIndexKlines/XRPUSDT/1h/2024/01/XRPUSDT-1h-2024-01.quality.json,652,97d8644fe5e93a7841ceb7e7c7aad0c082cb37346ada8547cf94d5056ea2e33f,json,0,,
quality/resample/binance/futures/um/premiumIndexKlines/XRPUSDT/4h/2024/01/XRPUSDT-4h-2024-01.quality.json,652,965b7cd24d5f5a0eee6fc71dccaef859fb2f82259be92cc9c240f658e1fcd228,json,0,,
quality/resample/binance/futures/um/premiumIndexKlines/XRPUSDT/5m/2024/01/XRPUSDT-5m-2024-01.quality.json,653,10e9e292c414f2740d3e972a0db47a71e36af10664ca9c0e090adb55f7134d30,json,0,,
quality/resample/binance/spot/klines/BTCUSDT/15m/2024/01/BTCUSDT-15m-2024-01.quality.json,620,4d05dda5602f7e31cfe2015e83f985ac276199d47c58db6b5e591b203d6320fc,json,0,,
quality/resample/binance/spot/klines/BTCUSDT/1h/2024/01/BTCUSDT-1h-2024-01.quality.json,616,6662d1ab4e7f2a67708e515a8e2e2749f28acbb61def04509a5e5edc1d565e2f,json,0,,
quality/resample/binance/spot/klines/BTCUSDT/4h/2024/01/BTCUSDT-4h-2024-01.quality.json,616,d56d3669f2f951d1dc39f162f4c49bf47057f76c9257e9b5debcbd7815433a2f,json,0,,
quality/resample/binance/spot/klines/BTCUSDT/5m/2024/01/BTCUSDT-5m-2024-01.quality.json,617,1ed7911de897fd6625e28b79ec6a16fb932f0de9b5fb351dfa294aca525f4fe5,json,0,,
quality/resample/binance/spot/klines/ETHUSDT/15m/2024/01/ETHUSDT-15m-2024-01.quality.json,620,a71f267982ac43c76f64a93bb81cc4a5f717b19c80d498ac17b8246bde51396f,json,0,,
quality/resample/binance/spot/klines/ETHUSDT/1h/2024/01/ETHUSDT-1h-2024-01.quality.json,616,a5296429c78eb120433dfce2d550e405cffe9ef1cc7d54214b91ff5865e39f99,json,0,,
quality/resample/binance/spot/klines/ETHUSDT/4h/2024/01/ETHUSDT-4h-2024-01.quality.json,616,64782ae03ad9eefbc18b918ab1d4a7da3f69cde5717836ff407be53c386bae43,json,0,,
quality/resample/binance/spot/klines/ETHUSDT/5m/2024/01/ETHUSDT-5m-2024-01.quality.json,617,be5dbdb23313ffa2354fd925b2d33211bff617ba360279a10b92726f2703ab8f,json,0,,
quality/resample/binance/spot/klines/SOLUSDT/15m/2024/01/SOLUSDT-15m-2024-01.quality.json,620,f39d3e2fc71c4e2242dfbde5400a4fbf2e95ccfea096f78dbd5b140c7a5adc66,json,0,,
quality/resample/binance/spot/klines/SOLUSDT/1h/2024/01/SOLUSDT-1h-2024-01.quality.json,616,b6d327c83e1caa99b72c6f2b3948161ffbc286bb9a2aa5e27a1c1f26e5ad08e3,json,0,,
quality/resample/binance/spot/klines/SOLUSDT/4h/2024/01/SOLUSDT-4h-2024-01.quality.json,616,cad5d279b418b4053195b9fc8544b3b4dc39a1bb93496b370a445549c1d056f5,json,0,,
quality/resample/binance/spot/klines/SOLUSDT/5m/2024/01/SOLUSDT-5m-2024-01.quality.json,617,2036a4ed4d6cef26e8cdf23c2694d64a1a2ba4098e44505f6a31a1023c742851,json,0,,
quality/resample/binance/spot/klines/XRPUSDT/15m/2024/01/XRPUSDT-15m-2024-01.quality.json,620,11db619b00c0713c2bfd5c6d4dfff38e18acb566479e5e91504ea00ca71a201f,json,0,,
quality/resample/binance/spot/klines/XRPUSDT/1h/2024/01/XRPUSDT-1h-2024-01.quality.json,616,69cef14ecea1223afa53ff70bafa6f0a3f59505c218947f3950cb70e3720d156,json,0,,
quality/resample/binance/spot/klines/XRPUSDT/4h/2024/01/XRPUSDT-4h-2024-01.quality.json,616,348bc33e5d8169c34eabf854facb90e757ee831274c9ab36741582a963da0410,json,0,,
quality/resample/binance/spot/klines/XRPUSDT/5m/2024/01/XRPUSDT-5m-2024-01.quality.json,617,f5883c244c335966a6555395c9e056580c740da650cc18ef394f90bdd87b5e83,json,0,,
quality/source/catalog.csv,15289,c561cd95fe520cf76ea6c27cfae7d6c30300f1d8d8677f12b60b3484fff71371,csv,0,,
quality/source/catalog.csv.metadata.json,248,9735072d7f51a8eb58adcff83fb996f4bfdfdaf89676328d0e98f6b835234daa,json,0,,
quality/source/download_report.jsonl,8513,8d41c5fdf33f47907b541061e85837b60e62f985b1a1546c80458661a344483f,jsonl,0,,
quality/source/normalization/binance/futures/um/indexPriceKlines/BTCUSDT/1m/2024/01/BTCUSDT-1m-2024-01.quality.json,916,b76e2a260e326fafa923b9c74f66cdaa2e5f7b8f05f1cd13f37c1c797c45e3a7,json,0,,
quality/source/normalization/binance/futures/um/indexPriceKlines/ETHUSDT/1m/2024/01/ETHUSDT-1m-2024-01.quality.json,916,ddf90ec781109024891f678022fc46c8376c6e38df8c873933df556d3228dd5c,json,0,,
quality/source/normalization/binance/futures/um/indexPriceKlines/SOLUSDT/1m/2024/01/SOLUSDT-1m-2024-01.quality.json,916,80467b626eeeb596fc842103f8c13db163fe98c54cf386fdc61d9105515155e6,json,0,,
quality/source/normalization/binance/futures/um/indexPriceKlines/XRPUSDT/1m/2024/01/XRPUSDT-1m-2024-01.quality.json,916,90e58b9893d34b80b62fabbe5e2d5dfb166df70dac62698541194eaa743b7038,json,0,,
quality/source/normalization/binance/futures/um/klines/BTCUSDT/1m/2024/01/BTCUSDT-1m-2024-01.quality.json,886,5e64207c104bf278979b8974467473eebb6fa5ac66bb34ae43f7019ea3628d0d,json,0,,
quality/source/normalization/binance/futures/um/klines/ETHUSDT/1m/2024/01/ETHUSDT-1m-2024-01.quality.json,886,b939b69a07f2c37e66e9c79ef6266aa296479e0564103ce9e6d6c88e4899ba44,json,0,,
quality/source/normalization/binance/futures/um/klines/SOLUSDT/1m/2024/01/SOLUSDT-1m-2024-01.quality.json,886,82b9e25cae1958bfffb14f0e59841b9f71009849748695d7ab5f6e78e7c9bb91,json,0,,
quality/source/normalization/binance/futures/um/klines/XRPUSDT/1m/2024/01/XRPUSDT-1m-2024-01.quality.json,886,785f0c0a26aec6fe499c522b375a1ac5bb2f2b9c5b5c297e97b2e64bf7b04282,json,0,,
quality/source/normalization/binance/futures/um/markPriceKlines/BTCUSDT/1m/2024/01/BTCUSDT-1m-2024-01.quality.json,913,f5ae36b3dc6257e3a51bd873bfbfb67a781ed3a0a0185aa604e4d2c3da49585b,json,0,,
quality/source/normalization/binance/futures/um/markPriceKlines/ETHUSDT/1m/2024/01/ETHUSDT-1m-2024-01.quality.json,913,a75a4561e305518971e3ef40680074b294dcc321ed18c36d70f466b35ae318f2,json,0,,
quality/source/normalization/binance/futures/um/markPriceKlines/SOLUSDT/1m/2024/01/SOLUSDT-1m-2024-01.quality.json,913,1e0c355305d9e342a1abc4af4e4b417a3fe63467abc577089f90c9df74b35b4f,json,0,,
quality/source/normalization/binance/futures/um/markPriceKlines/XRPUSDT/1m/2024/01/XRPUSDT-1m-2024-01.quality.json,913,8d5b016f3fb3ad5d0ecc68dd068c6e61240953fdf33a8c108bfe8206b614c14a,json,0,,
quality/source/normalization/binance/futures/um/premiumIndexKlines/BTCUSDT/1m/2024/01/BTCUSDT-1m-2024-01.quality.json,922,e4577ffc360dc41d2d02a5bc67c15344784efe30188f886b0383951fb056871b,json,0,,
quality/source/normalization/binance/futures/um/premiumIndexKlines/ETHUSDT/1m/2024/01/ETHUSDT-1m-2024-01.quality.json,922,349fc1dbcc6023e8157eb77fd34d8cd42a492a5c10caabd3ef04a745fa550033,json,0,,
quality/source/normalization/binance/futures/um/premiumIndexKlines/SOLUSDT/1m/2024/01/SOLUSDT-1m-2024-01.quality.json,922,08320fdcb5df60efeb69500a098971419d91c358f535a990c4c605af01347b3e,json,0,,
quality/source/normalization/binance/futures/um/premiumIndexKlines/XRPUSDT/1m/2024/01/XRPUSDT-1m-2024-01.quality.json,922,27e30c4fbd5069220e0cc9502dd2f23a665c5dd80a2ab1f4d65aeeb36bb21e14,json,0,,
quality/source/normalization/binance/spot/klines/BTCUSDT/1m/2024/01/BTCUSDT-1m-2024-01.quality.json,874,7fea54d9cce1473be3f03482a1c7fc6e4f46891301217e8314ac47d5133ccfd1,json,0,,
quality/source/normalization/binance/spot/klines/ETHUSDT/1m/2024/01/ETHUSDT-1m-2024-01.quality.json,874,e176f84127221b12460809799872e49931d981b1305c3c0abc200a299d2b53ab,json,0,,
quality/source/normalization/binance/spot/klines/SOLUSDT/1m/2024/01/SOLUSDT-1m-2024-01.quality.json,874,39d4ec3298ea779b97c5bc6c9a18b7833621670caa49e3ff9cbd4b358f95aca2,json,0,,
quality/source/normalization/binance/spot/klines/XRPUSDT/1m/2024/01/XRPUSDT-1m-2024-01.quality.json,874,7c8926e090a6623f3db1491b4af6b8bb033a2342298a4a003ad0cb26b3a48986,json,0,,
quality/source_manifest.csv,8608,2faee1f95f1ee4ec21a019b62f9090f1042bc22a82fbee3ec86b7db0b425f584,csv,0,,
silver/binance/futures/um/indexPriceKlines/BTCUSDT/1m/2024/01/BTCUSDT-1m-2024-01.csv.gz,1339512,a975842d9bcdf2a82ea3ec4e7588a1b9b0dc82dd1f9fd0960e03c0d017cd9c57,csv.gz,44640,1704067200000000,1706745540000000
silver/binance/futures/um/indexPriceKlines/ETHUSDT/1m/2024/01/ETHUSDT-1m-2024-01.csv.gz,1176549,4e979faf228db441825b92a95f7b2f45efcf011548be9558156c6ecafbae702f,csv.gz,44640,1704067200000000,1706745540000000
silver/binance/futures/um/indexPriceKlines/SOLUSDT/1m/2024/01/SOLUSDT-1m-2024-01.csv.gz,1422155,7dacc0740680a25f05911815f1effe7f07f8cb50f1b88d75714ade47487f9c02,csv.gz,44640,1704067200000000,1706745540000000
silver/binance/futures/um/indexPriceKlines/XRPUSDT/1m/2024/01/XRPUSDT-1m-2024-01.csv.gz,1155205,dee0ac6cd4ab11abf4d1711faa32088b924b1b00810475d7a802cd3d3d06d7c1,csv.gz,44640,1704067200000000,1706745540000000
silver/binance/futures/um/klines/BTCUSDT/1m/2024/01/BTCUSDT-1m-2024-01.csv.gz,2287941,07e0a57945a63a12cb822c1ce077abe89d86eb65c65c06e4719946e024d543e3,csv.gz,44640,1704067200000000,1706745540000000
silver/binance/futures/um/klines/ETHUSDT/1m/2024/01/ETHUSDT-1m-2024-01.csv.gz,2309578,71db1db30a5ddabf5ddad424f2b5ed0f150194071a185b29ecdf8c3934b7d10d,csv.gz,44640,1704067200000000,1706745540000000
silver/binance/futures/um/klines/SOLUSDT/1m/2024/01/SOLUSDT-1m-2024-01.csv.gz,2066641,5f04376b16a61be775f01de450a662ba0cdf15ffa70a99eb68e13501bfc92930,csv.gz,44640,1704067200000000,1706745540000000
silver/binance/futures/um/klines/XRPUSDT/1m/2024/01/XRPUSDT-1m-2024-01.csv.gz,2005383,23a6175c430dcf5fc353eeba046f688385aa9ddae1c41672d57ca504aa973c10,csv.gz,44640,1704067200000000,1706745540000000
silver/binance/futures/um/markPriceKlines/BTCUSDT/1m/2024/01/BTCUSDT-1m-2024-01.csv.gz,1396928,a13e87b80a678dffd07b301d3045cd04b2ff966e30673c027fbda9e534f5c437,csv.gz,44640,1704067200000000,1706745540000000
silver/binance/futures/um/markPriceKlines/ETHUSDT/1m/2024/01/ETHUSDT-1m-2024-01.csv.gz,1295255,4bff436298012c832d109a3d485b0bc655fd35de4880319b276f5d083e34403d,csv.gz,44640,1704067200000000,1706745540000000
silver/binance/futures/um/markPriceKlines/SOLUSDT/1m/2024/01/SOLUSDT-1m-2024-01.csv.gz,1285596,b3fc4b745134996ec6b1a9c3c8d9597b963a7ed2ce240cc3b60f89fc45635e9f,csv.gz,44640,1704067200000000,1706745540000000
silver/binance/futures/um/markPriceKlines/XRPUSDT/1m/2024/01/XRPUSDT-1m-2024-01.csv.gz,1021631,f6d7fe07e8d3f96ad85a06cbfe44cd9d1e05a642f223804d361d2722e077e09d,csv.gz,44640,1704067200000000,1706745540000000
silver/binance/futures/um/premiumIndexKlines/BTCUSDT/1m/2024/01/BTCUSDT-1m-2024-01.csv.gz,1087039,d1e894d662ed9a6e5f4960631d0bc63cfa98514ed5ed086cd9559b7122b8d38a,csv.gz,44640,1704067200000000,1706745540000000
silver/binance/futures/um/premiumIndexKlines/ETHUSDT/1m/2024/01/ETHUSDT-1m-2024-01.csv.gz,1087594,2775236a7540c851207d68ec7e95842fc7c4a7075681702da05f35e4bbf75d61,csv.gz,44640,1704067200000000,1706745540000000
silver/binance/futures/um/premiumIndexKlines/SOLUSDT/1m/2024/01/SOLUSDT-1m-2024-01.csv.gz,1096753,a87fea11b3df34ddaf8cdd7e139a5b88f59e539cf61243aab075dbdd98895a39,csv.gz,44640,1704067200000000,1706745540000000
silver/binance/futures/um/premiumIndexKlines/XRPUSDT/1m/2024/01/XRPUSDT-1m-2024-01.csv.gz,995231,9cab62504f3a3b17d1283b9501ebecb22fc9bd54df9c0db4ae0f886a35e47a1c,csv.gz,44640,1704067200000000,1706745540000000
silver/binance/spot/klines/BTCUSDT/1m/2024/01/BTCUSDT-1m-2024-01.csv.gz,2576832,184b74a53b5515f0495fa43a1a4087f609e8e75061f20e8f3ac79a0e495f71ff,csv.gz,44640,1704067200000000,1706745540000000
silver/binance/spot/klines/ETHUSDT/1m/2024/01/ETHUSDT-1m-2024-01.csv.gz,2441921,f599c2dce85003d3f1c408c8c3ececd5b8d4e7355e2b1ccfa09f096c6408691d,csv.gz,44640,1704067200000000,1706745540000000
silver/binance/spot/klines/SOLUSDT/1m/2024/01/SOLUSDT-1m-2024-01.csv.gz,2106597,a09436e9028301b16fa03ac59b460daf3c32bed62e258a0fc366ab54c80b1156,csv.gz,44640,1704067200000000,1706745540000000
silver/binance/spot/klines/XRPUSDT/1m/2024/01/XRPUSDT-1m-2024-01.csv.gz,1920091,01812cf60337b2a93850035180dbbba5ebaaaa3e70b04ae1cffc69743ddda64a,csv.gz,44640,1704067200000000,1706745540000000
